,0,1,accuracy,macro avg,weighted avg
precision,0.9651567944250871,0.8717105263157895,0.9511352418558736,0.9184336603704383,0.9501666477639213
recall,0.9770723104056437,0.8153846153846154,0.9511352418558736,0.8962284628951296,0.9511352418558736
f1-score,0.9710780017528484,0.8426073131955485,0.9511352418558736,0.9068426574741985,0.9504694263426201
support,1701.0,325.0,0.9511352418558736,2026.0,2026.0
