,precision,recall,f1-score,support
0,0.9678925861062464,0.9747207524985303,0.971294669009959,1701.0
1,0.8626198083067093,0.8307692307692308,0.8463949843260188,325.0
accuracy,0.9516288252714709,0.9516288252714709,0.9516288252714709,0.9516288252714709
macro avg,0.9152561972064779,0.9027449916338806,0.9088448266679889,2026.0
weighted avg,0.9510052945046424,0.9516288252714709,0.951258934793631,2026.0
